Incident Energy (eV),Stopping Power (eV/A/ion),Percent Energy Loss (%)
2000000.0,5.165391572330792,9.039435251578887
2050000.0,5.067085704239365,8.651121934067207
2100000.0,4.972535281094511,8.287558801824185
2150000.0,4.882353930831486,7.948018026934978
2200000.0,4.796211356597039,7.630336249131653
2250000.0,4.713493248181755,7.3321006082827305
2300000.0,4.631526954922685,7.0479758009693025
2350000.0,4.554668980633158,6.783549545623853
