Incident Energy (MeV/amu),Stopping Power (KeV/um/Z^2),Percent Energy Loss (%)
1.5,64.53769938597603,15.058796523394404
2.0,51.513471583233475,9.014857527065859
2.5,43.28007702185053,6.059210783059074
3.0,37.53671663090626,4.379283606939064
3.5,33.25826773567425,3.3258267735674254
4.0,29.939606598241163,2.619715577346102
4.5,27.279685002992455,2.121753278010524
5.0,25.09405212084429,1.7565836484591004
5.5,23.26295922021366,1.4803701321954146
6.0,22.539958616233402,1.3148309192802818
