Incident Energy (MeV/amu),Stopping Power (KeV/um/Z^2),Percent Energy Loss (%)
1.25,0.0,0.0
1.519621206739751,0.0,0.0
1.8473988895785418,0.0,0.0
2.2458772239288156,0.0,0.0
2.7303061257728234,0.0,0.0
3.3192248716926662,0.0,0.0
4.035171603969764,0.0,0.0
4.905545873781208,0.0,0.0
5.963657232346084,0.0,0.0
7.25,0.0,0.0
