Incident Energy (MeV/amu),Stopping Power (KeV/um/Z^2),Percent Energy Loss (%)
1.5,0.0,0.0
1.7937197617506029,0.0,0.0
2.144953722463093,0.0,0.0
2.5649639200150456,0.0,0.0
3.0672176476721864,0.0,0.0
3.667819272146533,0.0,0.0
4.386026607319299,0.0,0.0
5.244868400741719,0.0,0.0
6.271882732127801,0.0,0.0
7.5,0.0,0.0
