Incident Energy (MeV/amu),Stopping Power (KeV/um/Z^2),Percent Energy Loss (%)
1.5,66.83627047722737,15.471358906765598
2.0,52.61007769698088,9.133694044614735
2.5,43.8844087324909,6.095056768401514
3.0,37.88936025986015,4.385342622668999
3.5,33.47505525424319,3.320938021254284
4.0,30.071210594384148,2.610348141873624
4.5,27.352805902210303,2.1105560109730175
5.0,25.12920966211543,1.7450840043135716
5.5,23.275622391988012,1.469420605554799
6.0,21.696590305028778,1.2555897167262025
